name,lang,id,n,size(B),cpu(s),mem(KB),status,load,elapsed(s)
binarytrees,php,3,20,483,0.000,2123804,-2,3% 1% 2% 100%,4.022
binarytrees,hack,2,20,468,107.584,459516,0,2% 8% 6% 100%,107.671
binarytrees,scala,4,20,494,17.468,518364,0,1% 0% 0% 100%,17.496
binarytrees,yarv,4,20,402,165.207,240392,0,0% 1% 1% 100%,165.398
binarytrees,java,6,20,583,7.376,414024,0,1% 1% 1% 100%,7.392
binarytrees,scala,2,20,641,0.000,1960,-2,0% 0% 0% 96%,0.261
binarytrees,yarv,2,20,413,207.574,387892,0,0% 1% 1% 100%,207.764
binarytrees,perl,3,20,706,0.000,0,-2,0% 0% 0% 80%,0.035
binarytrees,hipe,2,20,499,50.444,512984,0,1% 1% 0% 100%,50.522
binarytrees,go,6,20,752,17.292,221460,0,0% 0% 1% 100%,17.355
binarytrees,go,3,20,830,0.000,0,-10,0% 0% 17% 100%,0.046
binarytrees,csharp,3,20,723,0.000,135380,-2,0% 1% 1% 100%,11.589
binarytrees,sbcl,1,20,612,32.628,325084,0,1% 0% 1% 100%,32.678
binarytrees,fpascal,1,20,769,41.606,131376,0,1% 1% 1% 100%,41.645
binarytrees,python3,1,20,596,475.384,850920,0,0% 1% 0% 100%,475.840
binarytrees,ghc,1,20,521,24.060,313564,0,0% 1% 0% 100%,24.104
binarytrees,java,5,20,926,9.968,530224,0,0% 1% 1% 100%,9.985
binarytrees,sbcl,3,20,684,0.000,0,-10,%,0.000
binarytrees,gcc,1,20,706,36.624,132456,0,1% 0% 1% 100%,36.653
binarytrees,racket,3,20,877,0.000,41044,-10,2% 3% 0% 100%,0.650
binarytrees,dart,1,20,503,32.272,322768,0,0% 0% 1% 100%,32.306
binarytrees,php,2,20,472,611.486,1021788,0,1% 1% 0% 100%,612.268
binarytrees,fsharp,2,20,515,70.472,281572,0,0% 1% 1% 100%,70.581
binarytrees,scala,5,20,688,243.644,494144,0,1% 1% 1% 100%,243.810
binarytrees,hack,3,20,480,34.904,397428,0,0% 0% 1% 100%,34.941
binarytrees,vw,1,20,722,81.336,330788,0,1% 1% 0% 100%,81.426
binarytrees,lua,2,20,446,417.222,1672244,0,0% 1% 1% 100%,417.901
binarytrees,gpp,2,20,553,37.944,199212,0,1% 1% 0% 100%,37.976
binarytrees,go,4,20,688,183.052,328844,0,0% 1% 1% 100%,183.231
binarytrees,jruby,3,20,439,201.819,1017040,0,1% 1% 1% 100%,202.056
binarytrees,go,9,20,548,216.344,259708,0,0% 1% 1% 100%,216.512
binarytrees,go,7,20,567,231.540,276008,0,0% 1% 1% 100%,231.719
binarytrees,ifc,1,20,826,50.802,132032,0,1% 1% 0% 100%,50.835
binarytrees,jruby,5,20,1123,1271.122,938236,0,0% 1% 1% 100%,1272.175
binarytrees,csharp,1,20,654,25.016,161736,0,0% 1% 1% 100%,25.059
binarytrees,clojure,1,20,657,24.484,617100,0,0% 1% 1% 100%,24.519
binarytrees,ghc,4,20,612,20.888,306436,0,0% 1% 1% 100%,20.927
binarytrees,perl,1,20,448,613.500,546676,0,0% 1% 1% 100%,614.000
binarytrees,ocaml,2,20,784,43.323,202856,0,2% 0% 0% 100%,43.393
binarytrees,v8,1,20,467,48.920,937048,0,0% 1% 0% 100%,49.001
binarytrees,gnat,5,20,2167,10.672,160668,0,1% 1% 0% 100%,10.699
binarytrees,jruby,1,20,412,383.827,1017692,0,0% 1% 1% 100%,384.212
binarytrees,hack,1,20,506,121.128,463512,0,0% 1% 1% 100%,121.220
binarytrees,yarv,5,20,1123,176.919,240680,0,1% 1% 1% 100%,177.112
binarytrees,yarv,3,20,439,201.010,298000,0,1% 1% 0% 100%,201.197
binarytrees,sbcl,2,20,649,24.712,306644,0,1% 1% 1% 100%,24.755
binarytrees,java,2,20,603,17.156,519692,0,1% 1% 1% 100%,17.183
binarytrees,gcc,3,20,906,9.264,150364,0,0% 0% 1% 100%,9.275
binarytrees,yarv,1,20,412,204.150,388384,0,0% 1% 1% 100%,204.368
binarytrees,fsharp,3,20,565,51.764,229448,0,0% 1% 1% 100%,51.843
binarytrees,go,8,20,814,57.268,254248,0,0% 1% 1% 100%,57.354
binarytrees,racket,2,20,640,41.036,385968,0,0% 1% 0% 100%,41.103
binarytrees,rust,1,20,791,14.308,119744,0,1% 0% 1% 100%,14.323
binarytrees,hipe,1,20,441,39.080,1032524,0,1% 1% 1% 100%,39.141
binarytrees,ifc,2,20,1199,16.908,149380,0,1% 1% 1% 100%,16.921
binarytrees,racket,1,20,495,48.736,461692,0,0% 1% 1% 100%,48.813
binarytrees,java,3,20,584,17.256,518964,0,1% 1% 0% 100%,17.280
binarytrees,fsharp,1,20,537,25.916,163572,0,1% 0% 0% 100%,25.960
binarytrees,go,1,20,516,210.404,276728,0,0% 0% 1% 100%,210.570
binarytrees,clojure,2,20,750,26.148,623872,0,0% 1% 1% 100%,26.186
binarytrees,go,2,20,694,193.136,327128,0,0% 1% 1% 100%,193.312
binarytrees,gnat,4,20,2167,10.684,160676,0,1% 1% 0% 100%,10.709
binarytrees,csharp,2,20,650,58.608,457044,0,0% 1% 1% 100%,58.698
binarytrees,gnat,3,20,1342,97.416,660776,0,1% 1% 0% 100%,97.489
binarytrees,gcc,5,20,963,79.648,221888,0,1% 1% 1% 100%,79.711
binarytrees,go,5,20,1000,160.980,292236,0,0% 1% 1% 100%,161.130
binarytrees,gnat,1,20,955,39.164,200008,0,2% 1% 1% 100%,39.198
binarytrees,clojure,6,20,705,24.860,628484,0,1% 1% 0% 100%,24.901
binarytrees,php,1,20,504,664.936,1021916,0,1% 1% 0% 100%,665.859
binarytrees,ocaml,5,20,496,44.885,274680,0,0% 1% 0% 100%,44.950
binarytrees,jruby,4,20,402,494.309,912756,0,0% 1% 1% 100%,494.796
binarytrees,gpp,6,20,892,12.884,297932,0,1% 0% 0% 100%,12.900
chameneosredux,gcc,5,6000000,2863,8.692,808,0,0% 0% 1% 100%,8.697
chameneosredux,ghc,4,6000000,989,5.124,7936,0,1% 0% 1% 100%,5.129
chameneosredux,ocaml,1,6000000,1279,81.486,7384,0,1% 1% 1% 100%,81.513
chameneosredux,scala,2,6000000,1171,11.556,169228,0,1% 1% 1% 100%,11.566
chameneosredux,java,2,6000000,1429,11.208,98708,0,1% 1% 1% 100%,11.214
chameneosredux,jruby,1,6000000,928,32.798,601788,0,0% 0% 1% 100%,32.832
chameneosredux,gpp,1,6000000,2449,0.000,0,-11,%,0.000
chameneosredux,sbcl,3,6000000,2907,8.764,49532,0,0% 1% 1% 100%,8.770
chameneosredux,hipe,1,6000000,734,10.888,18496,0,1% 0% 1% 100%,10.898
chameneosredux,gnat,2,6000000,6001,0.000,0,-11,%,0.000
chameneosredux,ghc,1,6000000,989,3.808,7992,0,1% 1% 0% 100%,3.812
chameneosredux,go,5,6000000,957,7.172,1732,0,1% 0% 1% 100%,7.176
chameneosredux,java,3,6000000,1267,114.336,63880,0,0% 1% 1% 100%,114.371
chameneosredux,gcc,2,6000000,1663,9.120,892,0,1% 1% 1% 100%,9.127
chameneosredux,gpp,5,6000000,1994,8.576,1568,0,0% 0% 1% 100%,8.581
chameneosredux,racket,2,6000000,842,178.588,115952,0,0% 1% 0% 100%,178.702
chameneosredux,csharp,1,6000000,1400,14.324,50352,0,1% 0% 0% 100%,14.332
chameneosredux,gnat,5,6000000,2906,18.900,4180,0,1% 1% 0% 100%,18.919
chameneosredux,rust,1,6000000,1692,182.820,35292,0,1% 0% 0% 100%,182.874
chameneosredux,python3,2,6000000,866,259.868,8300,0,1% 0% 0% 100%,260.048
chameneosredux,clojure,1,6000000,1740,129.552,416180,0,0% 1% 1% 100%,129.709
chameneosredux,vw,2,6000000,2515,44.504,53604,0,1% 1% 0% 100%,44.517
chameneosredux,gpp,2,6000000,2016,1.416,1628,0,2% 0% 2% 100%,1.420
chameneosredux,java,4,6000000,1607,112.644,51924,0,1% 0% 1% 100%,112.673
chameneosredux,perl,4,6000000,785,0.000,0,-2,50% 0% 0% 100%,0.013
chameneosredux,ocaml,3,6000000,1146,512.000,6144,0,1% 0% 0% 100%,512.207
chameneosredux,racket,1,6000000,791,310.312,114232,0,1% 0% 1% 100%,310.482
chameneosredux,yarv,1,6000000,920,33.670,7524,0,1% 0% 1% 100%,33.682
chameneosredux,scala,1,6000000,1271,0.000,0,-2,0% 5% 0% 95%,0.190
chameneosredux,java,1,6000000,1770,3.552,41124,0,3% 0% 0% 100%,3.557
fannkuchredux,ocaml,2,12,473,85.938,4792,0,1% 0% 0% 100%,85.959
fannkuchredux,ocaml,4,12,1004,0.008,12044,0,0% 0% 1% 100%,65.809
fannkuchredux,ghc,1,12,553,439.184,5264,0,1% 1% 0% 100%,439.359
fannkuchredux,fsharp,3,12,945,83.368,50984,0,1% 0% 0% 100%,83.403
fannkuchredux,perl,3,12,427,1857.472,3324,0,1% 0% 0% 100%,1857.976
fannkuchredux,gcc,1,12,508,88.304,732,0,1% 1% 0% 100%,88.325
fannkuchredux,php,2,12,441,2611.287,3296,0,1% 1% 0% 100%,2611.985
fannkuchredux,perl,2,12,565,0.000,0,-2,0% 0% 0% 100%,0.036
fannkuchredux,fsharp,1,12,551,153.592,48624,0,0% 1% 1% 100%,153.800
fannkuchredux,python3,6,12,385,2663.844,8056,0,1% 0% 0% 100%,2664.535
fannkuchredux,java,2,12,514,70.520,39896,0,0% 1% 0% 100%,70.540
fannkuchredux,rust,2,12,1191,52.224,8436,0,1% 0% 0% 100%,52.239
fannkuchredux,csharp,2,12,564,48.604,37488,0,0% 1% 0% 100%,48.616
fannkuchredux,gpp,4,12,1439,51.872,1804,0,1% 0% 0% 100%,51.887
fannkuchredux,ocaml,3,12,1017,0.007,22308,0,0% 0% 1% 100%,64.747
fannkuchredux,jruby,2,12,1426,1083.131,682224,0,0% 1% 1% 100%,1083.613
fannkuchredux,python3,4,12,944,2132.332,56676,0,1% 1% 1% 100%,2132.932
fannkuchredux,hack,2,12,440,2756.652,113716,0,1% 1% 0% 100%,2757.398
fannkuchredux,racket,3,12,1096,294.076,25768,0,1% 0% 1% 100%,294.145
fannkuchredux,dart,2,12,495,89.108,39700,0,0% 0% 1% 100%,89.142
fannkuchredux,scala,1,12,459,91.656,48484,0,0% 0% 1% 100%,91.681
fannkuchredux,hack,3,12,1150,0.000,1664,-2,0% 3% 6% 100%,0.318
fannkuchredux,gpp,1,12,1059,59.556,1652,0,1% 0% 1% 100%,59.576
fannkuchredux,v8,3,12,539,74.544,11060,0,1% 0% 0% 100%,74.570
fannkuchredux,racket,1,12,649,308.700,22792,0,1% 0% 0% 100%,308.786
fannkuchredux,clojure,2,12,1252,148.868,77528,0,1% 1% 1% 100%,148.966
fannkuchredux,gpp,5,12,1440,52.868,1776,0,1% 0% 1% 100%,52.885
fannkuchredux,sbcl,5,12,674,59.464,47500,0,1% 0% 0% 100%,59.479
fannkuchredux,fsharp,2,12,548,97.024,46284,0,0% 1% 0% 100%,97.043
fannkuchredux,php,3,12,1150,2719.109,15188,0,1% 1% 0% 100%,2720.147
fannkuchredux,gcc,5,12,910,35.844,1520,0,0% 0% 1% 100%,35.852
fannkuchredux,ghc,5,12,834,0.000,3932,-10,2% 2% 5% 100%,0.432
fannkuchredux,yarv,2,12,1426,3150.452,28584,0,0% 1% 1% 100%,3152.139
fannkuchredux,v8,2,12,472,78.692,14984,0,1% 0% 0% 100%,78.717
fannkuchredux,yarv,1,12,384,2350.009,7048,0,1% 0% 0% 100%,2350.702
fannkuchredux,scala,2,12,1017,70.860,48568,0,0% 1% 1% 100%,70.882
fannkuchredux,java,1,12,1282,69.252,47784,0,1% 0% 0% 100%,69.273
fannkuchredux,sbcl,4,12,1518,64.628,47660,0,1% 0% 0% 100%,64.645
fannkuchredux,clojure,3,12,1491,77.500,88208,0,1% 1% 0% 100%,77.536
fannkuchredux,fpascal,1,12,1018,87.276,752,0,1% 0% 0% 100%,87.312
fannkuchredux,sbcl,3,12,821,73.776,39532,0,1% 0% 0% 100%,73.798
fannkuchredux,go,1,12,900,65.168,1788,0,1% 1% 0% 100%,65.189
fannkuchredux,hack,1,12,532,1182.060,113820,0,0% 1% 0% 100%,1182.316
fannkuchredux,csharp,3,12,1096,86.888,41280,0,0% 0% 0% 100%,86.908
fannkuchredux,ghc,4,12,658,0.000,0,-11,%,0.000
fannkuchredux,ghc,2,12,808,244.480,5820,0,1% 0% 1% 100%,244.580
fannkuchredux,v8,1,12,463,90.244,11076,0,0% 1% 0% 100%,90.270
fannkuchredux,ocaml,1,12,524,97.739,712,0,1% 0% 0% 100%,97.762
fannkuchredux,lua,1,12,462,1786.444,1008,0,1% 1% 1% 100%,1786.854
fannkuchredux,gnat,3,12,2100,44.860,4084,0,1% 1% 0% 100%,44.885
fannkuchredux,gcc,4,12,1183,22.620,808,0,1% 2% 1% 100%,22.628
fannkuchredux,gpp,3,12,593,68.360,748,0,0% 0% 0% 100%,68.375
fannkuchredux,csharp,1,12,520,71.124,39304,0,1% 1% 1% 100%,71.142
fannkuchredux,gcc,3,12,567,54.336,820,0,0% 1% 0% 100%,54.351
fannkuchredux,hipe,1,12,1038,440.096,14728,0,0% 0% 0% 100%,440.253
fannkuchredux,gcc,2,12,1557,54.280,968,0,0% 1% 1% 100%,54.300
fannkuchredux,racket,2,12,903,284.012,29828,0,1% 0% 0% 100%,284.088
fannkuchredux,ifc,1,12,590,57.410,256,0,1% 0% 0% 100%,57.427
fannkuchredux,php,1,12,482,3334.385,3344,0,1% 1% 0% 100%,3335.202
fannkuchredux,ghc,3,12,1153,0.000,2848,-1,1% 1% 0% 100%,901.099
fannkuchredux,ifc,3,12,1148,48.836,7520,0,1% 1% 0% 100%,48.849
fannkuchredux,perl,1,12,457,2335.524,1836,0,1% 0% 0% 100%,2336.189
fannkuchredux,sbcl,2,12,513,195.960,92072,0,0% 1% 1% 100%,196.210
fannkuchredux,jruby,1,12,384,680.471,679112,0,1% 0% 0% 100%,680.739
fannkuchredux,vw,1,12,838,696.328,55452,0,1% 0% 0% 100%,696.531
fannkuchredux,gpp,7,12,1150,22.616,664,0,1% 0% 0% 100%,22.626
fannkuchredux,fsharp,4,12,612,64.404,40708,0,1% 0% 0% 100%,64.421
fasta,hack,3,25000000,1029,43.292,118176,0,0% 1% 1% 100%,43.310
fasta,hack,2,25000000,1003,53.296,116272,0,1% 1% 0% 100%,53.318
fasta,yarv,5,25000000,987,155.804,7212,0,1% 1% 1% 99%,157.229
fasta,ifc,1,25000000,1155,6.029,508,0,1% 0% 0% 100%,6.032
fasta,ocaml,3,25000000,1042,8.785,960,0,1% 0% 0% 100%,8.789
fasta,hipe,2,25000000,1164,32.196,14656,0,1% 0% 1% 100%,32.213
fasta,scala,1,25000000,1080,10.980,36728,0,0% 0% 2% 100%,10.987
fasta,jruby,1,25000000,760,198.388,661884,0,1% 1% 1% 100%,200.112
fasta,perl,2,25000000,886,360.337,3152,0,1% 1% 0% 100%,360.459
fasta,gpp,4,25000000,1266,6.116,748,0,1% 0% 0% 100%,6.121
fasta,gcc,5,25000000,1261,3.292,748,0,0% 0% 1% 100%,3.294
fasta,sbcl,3,25000000,1579,9.776,17424,0,0% 1% 1% 100%,9.783
fasta,sbcl,1,25000000,1419,17.756,17456,0,1% 0% 0% 100%,17.765
fasta,racket,3,25000000,1276,17.248,31736,0,1% 0% 1% 100%,17.257
fasta,csharp,2,25000000,1180,6.356,40544,0,0% 1% 0% 100%,6.362
fasta,rust,2,25000000,1887,57.244,23828,0,1% 0% 0% 100%,57.299
fasta,python3,1,25000000,792,208.828,8064,0,1% 1% 1% 100%,209.157
fasta,php,2,25000000,1006,369.757,3372,0,1% 1% 1% 100%,370.682
fasta,php,3,25000000,1030,116.346,3364,0,0% 0% 1% 100%,116.381
fasta,ifc,3,25000000,1190,4.306,508,0,1% 1% 1% 100%,4.309
fasta,ghc,5,25000000,1378,3.632,9564,0,1% 0% 1% 100%,3.636
fasta,ghc,1,25000000,1421,0.000,0,-10,0% 0% 0% 92%,0.104
fasta,yarv,4,25000000,904,158.450,235044,0,0% 1% 1% 100%,158.601
fasta,go,3,25000000,1344,6.084,2912,0,0% 1% 1% 100%,6.088
fasta,python3,3,25000000,977,110.640,8148,0,1% 1% 1% 100%,110.675
fasta,racket,1,25000000,1054,53.328,23016,0,0% 1% 0% 100%,53.361
fasta,ghc,6,25000000,1567,6.484,8504,0,1% 1% 0% 100%,6.490
fasta,fpascal,4,25000000,1112,11.125,8,0,1% 0% 0% 100%,11.131
fasta,java,4,25000000,1507,5.136,31376,0,1% 1% 0% 100%,5.148
fasta,go,1,25000000,1036,7.176,1772,0,0% 2% 1% 100%,7.183
fasta,jruby,3,25000000,973,89.580,719248,0,1% 1% 1% 100%,89.687
fasta,java,2,25000000,1240,8.008,32868,0,0% 1% 0% 100%,8.014
fasta,gcc,1,25000000,1185,7.028,824,0,1% 1% 1% 100%,7.033
fasta,ocaml,6,25000000,1161,6.043,204520,0,0% 1% 1% 100%,6.047
fasta,v8,1,25000000,831,66.288,13228,0,0% 0% 1% 100%,66.318
fasta,python3,5,25000000,1933,146.952,3490512,0,13% 19% 19% 99%,207.921
fasta,ghc,4,25000000,1413,0.000,0,-10,0% 0% 0% 100%,0.096
fasta,gpp,2,25000000,1105,4.436,1436,0,1% 0% 1% 100%,4.439
fasta,sbcl,2,25000000,1617,17.640,17456,0,1% 1% 4% 100%,17.649
fasta,gnat,5,25000000,2186,4.064,2024,0,0% 0% 1% 100%,4.070
fasta,yarv,2,25000000,732,184.922,204120,0,1% 1% 1% 100%,184.985
fasta,csharp,4,25000000,1505,10.068,86896,0,0% 0% 1% 99%,10.135
fasta,yarv,3,25000000,973,96.872,59620,0,1% 0% 1% 100%,96.905
fasta,clojure,5,25000000,1964,10.864,80168,0,0% 1% 1% 100%,10.874
fasta,ghc,7,25000000,1550,3.452,5344,0,1% 0% 2% 100%,3.458
fasta,dart,1,25000000,1386,9.024,29208,0,0% 1% 1% 100%,9.032
fasta,ghc,2,25000000,979,3.492,4544,0,1% 0% 1% 100%,3.498
fasta,hack,4,25000000,1109,26.048,118012,0,1% 1% 1% 100%,26.065
fasta,gcc,6,25000000,1914,4.048,1932,0,1% 0% 0% 100%,4.051
fasta,ifc,4,25000000,1327,2.436,512,0,1% 0% 1% 100%,2.438
fasta,go,2,25000000,1388,6.308,9992,0,0% 0% 1% 100%,6.314
fasta,clojure,6,25000000,1692,7.724,76608,0,1% 1% 0% 100%,7.733
fasta,gpp,3,25000000,1286,4.224,1496,0,0% 1% 0% 100%,4.227
fasta,perl,4,25000000,934,261.365,3160,0,1% 1% 1% 100%,263.071
fasta,gpp,1,25000000,1033,4.660,1492,0,0% 0% 1% 100%,4.666
fasta,scala,3,25000000,1053,7.504,36744,0,0% 0% 1% 100%,7.509
fasta,lua,1,25000000,1049,0.000,0,-2,0% 0% 0% 50%,0.009
fasta,gcc,4,25000000,1221,6.032,824,0,2% 1% 0% 100%,6.036
fasta,gnat,1,25000000,1346,8.048,1936,0,1% 1% 0% 100%,8.053
fasta,fsharp,1,25000000,978,8.412,42192,0,2% 0% 1% 100%,8.418
fasta,rust,1,25000000,1211,5.028,6408,0,0% 1% 1% 100%,5.031
fasta,sbcl,6,25000000,1751,7.624,17284,0,1% 1% 1% 100%,7.631
fasta,hipe,1,25000000,1039,96.596,14876,0,0% 1% 0% 100%,96.636
fasta,perl,1,25000000,838,96.508,52084,0,1% 0% 0% 100%,96.537
fasta,java,5,25000000,2457,5.424,39024,0,1% 0% 1% 100%,5.430
fasta,v8,2,25000000,956,25.472,43104,0,0% 0% 1% 100%,25.505
fasta,vw,1,25000000,1315,48.016,53456,0,1% 0% 1% 100%,48.044
fastaredux,fpascal,1,25000000,1227,8.041,8,0,1% 0% 0% 100%,8.046
fastaredux,go,2,25000000,1236,1.824,1748,0,1% 1% 1% 100%,1.827
fastaredux,gpp,2,25000000,1474,1.656,1460,0,4% 1% 0% 100%,1.659
fastaredux,sbcl,4,25000000,2005,6.184,19232,0,0% 1% 0% 100%,6.188
fastaredux,clojure,4,25000000,1836,11.300,75468,0,0% 1% 1% 100%,11.313
fastaredux,dart,1,25000000,1598,5.476,89904,0,1% 0% 1% 100%,5.481
fastaredux,csharp,3,25000000,1441,2.984,40584,0,1% 1% 0% 100%,2.987
fastaredux,perl,1,25000000,1112,171.019,3156,0,1% 1% 1% 100%,171.079
fastaredux,yarv,6,25000000,772,114.767,249272,0,0% 1% 0% 100%,114.857
fastaredux,gcc,5,25000000,1402,1.588,748,0,0% 0% 1% 100%,1.590
fastaredux,fsharp,3,25000000,1267,5.632,42388,0,1% 1% 1% 100%,5.636
fastaredux,gcc,2,25000000,1168,1.736,724,0,2% 1% 2% 100%,1.740
fastaredux,csharp,1,25000000,1438,2.812,40644,0,0% 1% 2% 100%,2.816
fastaredux,scala,3,25000000,1435,3.184,32724,0,0% 1% 1% 100%,3.191
fastaredux,php,4,25000000,1110,62.932,3372,0,1% 2% 0% 100%,62.952
fastaredux,perl,6,25000000,854,72.000,3160,0,1% 0% 1% 100%,72.022
fastaredux,gcc,3,25000000,1321,1.568,680,0,1% 0% 1% 100%,1.572
fastaredux,scala,2,25000000,1372,4.048,40992,0,1% 0% 1% 100%,4.053
fastaredux,go,3,25000000,1237,1.824,1748,0,0% 2% 1% 100%,1.827
fastaredux,rust,1,25000000,1747,3.940,6420,0,0% 2% 1% 100%,3.945
fastaredux,clojure,5,25000000,1576,6.560,78348,0,1% 1% 0% 100%,6.567
fastaredux,clojure,6,25000000,1605,6.212,77756,0,1% 0% 1% 100%,6.220
fastaredux,vw,1,25000000,1772,31.788,53480,0,1% 0% 0% 100%,31.799
fastaredux,java,3,25000000,1443,2.632,30364,0,2% 1% 1% 100%,2.637
fastaredux,gnat,2,25000000,1909,1.976,1988,0,4% 1% 1% 100%,1.979
fastaredux,fsharp,2,25000000,1074,3.460,48624,0,2% 1% 1% 100%,3.466
fastaredux,gpp,1,25000000,1470,2.080,1460,0,0% 0% 4% 100%,2.084
fastaredux,rust,2,25000000,1764,2.868,6440,0,14% 5% 1% 100%,2.872
knucleotide,rust,1,25000000,2078,28.192,145904,0,1% 1% 1% 100%,28.218
knucleotide,csharp,7,25000000,1822,55.376,512196,0,0% 1% 1% 100%,55.412
knucleotide,java,4,25000000,1873,48.924,185504,0,1% 1% 0% 100%,48.964
knucleotide,python3,3,25000000,1937,284.040,153732,0,0% 1% 1% 100%,284.375
knucleotide,python3,8,25000000,647,426.856,422024,0,0% 1% 1% 100%,429.481
knucleotide,clojure,7,25000000,4387,75.184,1018460,0,0% 1% 1% 100%,75.243
knucleotide,yarv,2,25000000,420,385.877,166108,0,0% 1% 0% 100%,386.083
knucleotide,scala,1,25000000,1625,114.064,837348,0,1% 1% 1% 100%,114.135
knucleotide,go,2,25000000,1531,129.740,266136,0,1% 1% 0% 100%,129.833
knucleotide,perl,3,25000000,507,0.000,0,-2,0% 0% 0% 100%,0.034
knucleotide,clojure,5,25000000,2852,22.204,387344,0,0% 2% 1% 100%,22.223
knucleotide,fsharp,1,25000000,701,0.000,657912,-2,0% 1% 1% 100%,137.457
knucleotide,ocaml,2,25000000,1205,77.123,325516,0,0% 1% 0% 100%,77.211
knucleotide,perl,1,25000000,648,0.000,0,-2,0% 0% 50% 100%,0.011
knucleotide,lua,2,25000000,613,173.237,793696,0,1% 1% 0% 100%,174.700
knucleotide,racket,1,25000000,542,197.392,1310632,0,0% 1% 1% 100%,197.517
knucleotide,ifc,2,25000000,2079,56.256,192852,0,0% 0% 1% 100%,56.300
knucleotide,clojure,6,25000000,2793,96.544,1013020,0,0% 1% 1% 100%,96.635
knucleotide,java,2,25000000,1602,46.792,468308,0,1% 1% 0% 100%,46.828
knucleotide,sbcl,3,25000000,1284,137.044,318528,0,0% 0% 1% 100%,137.987
knucleotide,racket,2,25000000,842,0.000,1352,-10,0% 0% 3% 100%,0.329
knucleotide,go,1,25000000,980,180.828,266436,0,1% 0% 1% 100%,184.772
knucleotide,ocaml,3,25000000,1789,54.232,362440,0,1% 0% 0% 100%,54.282
knucleotide,sbcl,2,25000000,1277,137.176,320460,0,1% 1% 1% 100%,137.273
knucleotide,php,4,25000000,1060,299.175,247712,0,1% 1% 0% 100%,300.230
knucleotide,scala,4,25000000,1287,0.000,0,-2,0% 6% 0% 100%,0.178
knucleotide,sbcl,1,25000000,847,0.000,109176,-1,1% 0% 1% 1%,600.977
knucleotide,yarv,3,25000000,540,443.748,171776,0,0% 1% 1% 100%,444.140
knucleotide,v8,3,25000000,390,384.120,468144,0,0% 1% 1% 100%,385.868
knucleotide,csharp,4,25000000,1696,88.004,516972,0,1% 1% 0% 100%,88.049
knucleotide,perl,2,25000000,359,209.476,534952,0,0% 1% 1% 100%,213.009
knucleotide,ghc,3,25000000,2749,87.144,629396,0,1% 0% 0% 100%,87.226
knucleotide,go,3,25000000,1399,30.040,260220,0,1% 0% 0% 100%,30.065
knucleotide,scala,2,25000000,2080,138.828,216604,0,0% 0% 0% 100%,138.873
knucleotide,java,5,25000000,2211,57.972,218636,0,1% 1% 1% 100%,58.027
knucleotide,ghc,2,25000000,1965,60.308,497380,0,0% 1% 1% 100%,60.380
knucleotide,scala,6,25000000,1380,103.832,501268,0,0% 1% 1% 100%,103.960
knucleotide,hack,1,25000000,1038,0.000,122356,-10,0% 3% 0% 100%,0.958
knucleotide,racket,4,25000000,881,88.972,404884,0,0% 1% 1% 100%,89.015
knucleotide,csharp,2,25000000,1012,186.148,542180,0,0% 1% 1% 100%,186.327
knucleotide,clojure,4,25000000,3081,157.964,1009212,0,0% 2% 1% 100%,158.120
knucleotide,ocaml,1,25000000,870,68.393,464580,0,0% 1% 0% 100%,68.451
knucleotide,ifc,1,25000000,2238,83.415,186936,0,0% 0% 1% 100%,83.471
knucleotide,gcc,9,25000000,1535,35.032,129644,0,1% 1% 0% 100%,35.056
knucleotide,fsharp,4,25000000,1505,66.564,864620,0,0% 0% 1% 100%,66.624
knucleotide,jruby,2,25000000,421,0.000,168072,-2,1% 0% 2% 100%,4.694
knucleotide,fpascal,2,25000000,2383,79.965,132500,0,1% 0% 0% 100%,80.036
knucleotide,dart,1,25000000,595,290.068,425544,0,0% 1% 1% 100%,290.270
knucleotide,jruby,1,25000000,637,434.187,946844,0,1% 1% 0% 100%,434.684
knucleotide,php,1,25000000,1036,41.331,247852,0,1% 0% 0% 100%,41.349
knucleotide,csharp,5,25000000,2445,0.000,501772,-2,0% 1% 1% 100%,110.305
knucleotide,sbcl,5,25000000,2301,32.988,163092,0,0% 1% 1% 100%,33.022
knucleotide,gcc,7,25000000,2280,32.012,181108,0,1% 0% 0% 100%,32.036
knucleotide,hipe,2,25000000,997,0.000,15964,-2,1% 12% 19% 99%,4.681
knucleotide,v8,1,25000000,423,283.532,425664,0,1% 1% 0% 100%,283.746
knucleotide,yarv,4,25000000,449,108.586,501712,0,0% 1% 1% 100%,108.623
knucleotide,gcc,6,25000000,2439,51.748,181172,0,1% 1% 0% 100%,51.784
knucleotide,hipe,1,25000000,930,326.412,3659572,0,5% 5% 8% 100%,365.647
knucleotide,v8,5,25000000,1249,114.052,57020,0,0% 1% 1% 100%,114.180
knucleotide,java,3,25000000,1630,47.404,467024,0,1% 1% 0% 100%,47.437
knucleotide,v8,2,25000000,451,276.676,517060,0,0% 1% 1% 100%,276.892
knucleotide,perl,4,25000000,472,0.000,0,-2,0% 0% 0% 100%,0.015
knucleotide,hack,4,25000000,1061,140.548,352484,0,0% 1% 1% 100%,141.068
knucleotide,gpp,3,25000000,1252,17.944,153616,0,1% 1% 0% 100%,17.964
knucleotide,jruby,4,25000000,449,86.104,1875096,0,1% 0% 0% 100%,86.231
knucleotide,sbcl,4,25000000,2272,33.024,163092,0,0% 0% 1% 100%,33.057
knucleotide,gnat,2,25000000,4865,27.084,278324,0,1% 0% 0% 100%,27.121
knucleotide,jruby,3,25000000,540,466.989,944788,0,1% 0% 0% 100%,467.497
knucleotide,ghc,1,25000000,1693,46.608,497248,0,0% 1% 0% 100%,46.668
knucleotide,csharp,3,25000000,1404,103.648,478908,0,0% 1% 1% 100%,103.726
knucleotide,vw,5,25000000,1153,318.444,385584,0,1% 0% 0% 100%,318.748
knucleotide,yarv,1,25000000,637,457.237,132188,0,0% 1% 1% 100%,457.942
knucleotide,hipe,3,25000000,932,308.552,1040460,0,1% 1% 0% 100%,312.269
knucleotide,go,5,25000000,1268,71.124,274576,0,0% 1% 1% 100%,71.183
knucleotide,gpp,1,25000000,2106,0.000,0,-11,%,0.000
knucleotide,fsharp,3,25000000,1111,69.448,867632,0,0% 1% 1% 100%,69.554
knucleotide,java,7,25000000,1844,34.792,1124104,0,1% 1% 0% 100%,34.829
knucleotide,csharp,1,25000000,1420,91.440,523888,0,0% 0% 0% 100%,91.480
mandelbrot,jruby,6,16000,909,0.000,204460,-2,1% 0% 1% 100%,5.744
mandelbrot,fpascal,4,16000,748,68.146,30380,0,1% 0% 0% 100%,68.177
mandelbrot,go,3,16000,894,25.556,34064,0,1% 0% 0% 100%,25.568
mandelbrot,gpp,7,16000,1017,24.388,33812,0,0% 0% 1% 100%,24.397
mandelbrot,clojure,7,16000,1195,32.000,149528,0,1% 1% 0% 100%,32.016
mandelbrot,gcc,6,16000,879,24.168,31488,0,1% 2% 0% 100%,24.177
mandelbrot,hack,1,16000,441,247.960,116084,0,1% 1% 0% 100%,248.036
mandelbrot,lua,6,16000,623,734.529,30800,0,1% 1% 0% 100%,734.764
mandelbrot,rust,1,16000,868,20.112,59648,0,1% 1% 0% 100%,20.118
mandelbrot,hack,3,16000,864,0.000,1868,-2,0% 4% 4% 96%,0.267
mandelbrot,java,3,16000,903,43.672,89152,0,1% 0% 0% 100%,43.693
mandelbrot,gnat,3,16000,1805,24.148,34100,0,1% 0% 0% 100%,24.167
mandelbrot,fpascal,1,16000,820,80.575,33612,0,1% 0% 0% 100%,80.610
mandelbrot,gpp,9,16000,726,32.988,33628,0,0% 0% 0% 100%,32.997
mandelbrot,gpp,3,16000,414,83.280,1576,0,1% 2% 1% 100%,83.301
mandelbrot,gcc,4,16000,799,24.052,32496,0,0% 0% 0% 100%,24.059
mandelbrot,gpp,8,16000,742,33.004,33620,0,0% 0% 0% 100%,33.014
mandelbrot,scala,4,16000,786,27.392,105828,0,1% 1% 1% 100%,27.404
mandelbrot,hipe,2,16000,613,485.960,1434544,0,1% 1% 1% 100%,486.283
mandelbrot,java,1,16000,665,43.016,43560,0,0% 0% 1% 100%,43.029
mandelbrot,yarv,6,16000,909,2291.349,374024,0,0% 1% 1% 100%,2294.955
mandelbrot,gcc,7,16000,994,24.232,32896,0,0% 0% 1% 100%,24.241
mandelbrot,python3,7,16000,686,1071.620,55872,0,0% 1% 1% 100%,1072.055
mandelbrot,fpascal,2,16000,817,0.000,0,-11,%,0.000
mandelbrot,yarv,3,16000,307,1938.548,7224,0,1% 1% 0% 100%,1939.090
mandelbrot,lua,2,16000,367,726.865,1068,0,1% 1% 1% 100%,727.061
mandelbrot,hipe,1,16000,534,493.228,1434828,0,1% 1% 0% 100%,493.626
mandelbrot,lua,1,16000,353,0.000,0,-2,%,0.000
mandelbrot,yarv,5,16000,1019,1910.356,62736,0,0% 1% 1% 100%,1911.005
mandelbrot,php,1,16000,443,1219.071,4256,0,1% 1% 1% 100%,1219.420
mandelbrot,ifc,2,16000,813,0.000,291548,-10,1% 0% 1% 100%,50.358
mandelbrot,ifc,3,16000,754,0.000,0,-10,0% 0% 0% 95%,0.184
mandelbrot,scala,5,16000,589,43.292,104940,0,1% 0% 0% 100%,43.309
mandelbrot,gcc,1,16000,822,23.416,31452,0,1% 0% 0% 100%,23.424
mandelbrot,sbcl,1,16000,2459,28.532,68904,0,1% 0% 0% 100%,28.541
mandelbrot,jruby,3,16000,307,1102.713,668536,0,0% 1% 1% 100%,1104.484
mandelbrot,go,1,16000,823,54.908,33832,0,1% 0% 0% 100%,54.924
mandelbrot,go,2,16000,837,41.988,35076,0,1% 0% 0% 100%,42.001
mandelbrot,racket,2,16000,585,85.236,23008,0,1% 0% 1% 100%,85.263
mandelbrot,gpp,2,16000,687,38.600,33700,0,0% 0% 0% 100%,38.612
mandelbrot,gcc,9,16000,694,19.740,32496,0,0% 0% 0% 100%,19.750
mandelbrot,csharp,1,16000,798,45.892,82344,0,0% 1% 1% 100%,45.906
mandelbrot,java,6,16000,802,27.644,89792,0,0% 0% 1% 100%,27.662
mandelbrot,scala,3,16000,796,46.216,96144,0,0% 1% 1% 100%,46.235
mandelbrot,fsharp,3,16000,800,44.808,84844,0,1% 0% 0% 100%,44.824
mandelbrot,v8,2,16000,353,0.000,13024,-10,0% 1% 1% 100%,1.709
mandelbrot,gpp,5,16000,590,36.116,33384,0,0% 0% 1% 100%,36.125
mandelbrot,scala,1,16000,724,49.764,81796,0,1% 1% 0% 100%,49.783
mandelbrot,scala,2,16000,454,52.052,34400,0,0% 0% 1% 100%,52.069
mandelbrot,jruby,4,16000,866,1216.149,2313292,0,0% 1% 1% 100%,1218.334
mandelbrot,ifc,5,16000,508,53.011,32384,0,1% 0% 0% 100%,53.027
mandelbrot,csharp,3,16000,701,45.172,79520,0,1% 0% 1% 100%,45.189
mandelbrot,gcc,3,16000,763,24.232,34280,0,1% 1% 0% 100%,24.240
mandelbrot,ocaml,6,16000,444,55.126,964,0,1% 0% 0% 100%,55.141
mandelbrot,ifc,4,16000,611,47.946,60236,0,1% 1% 0% 100%,47.959
mandelbrot,php,3,16000,863,1231.365,115568,0,1% 1% 1% 100%,1231.800
mandelbrot,ifc,1,16000,485,0.000,512,-10,9% 0% 9% 100%,0.218
mandelbrot,fpascal,5,16000,829,134.952,31372,0,1% 1% 1% 100%,135.009
mandelbrot,perl,1,16000,579,0.000,0,-2,0% 0% 0% 100%,0.011
mandelbrot,clojure,6,16000,1077,53.116,128112,0,1% 1% 0% 100%,53.141
mandelbrot,dart,1,16000,901,56.944,93744,0,1% 0% 0% 100%,56.965
mandelbrot,jruby,2,16000,925,1351.548,741808,0,0% 1% 1% 100%,1359.141
mandelbrot,go,6,16000,700,47.488,33404,0,1% 0% 0% 100%,47.505
mandelbrot,python3,5,16000,449,2102.740,54980,0,0% 1% 1% 100%,2103.431
mandelbrot,fsharp,2,16000,1043,195.340,48760,0,0% 1% 1% 100%,195.488
mandelbrot,vw,2,16000,467,580.392,53584,0,1% 1% 1% 100%,580.552
mandelbrot,hack,2,16000,458,80.972,118092,0,1% 0% 0% 100%,81.003
mandelbrot,csharp,6,16000,986,31.568,80704,0,0% 1% 0% 100%,31.582
mandelbrot,ocaml,1,16000,710,54.859,5960,0,0% 1% 0% 100%,54.879
mandelbrot,yarv,2,16000,925,2145.236,130860,0,0% 1% 1% 100%,2146.176
mandelbrot,csharp,2,16000,484,56.164,39372,0,0% 1% 0% 100%,56.186
mandelbrot,jruby,5,16000,1019,1169.860,892216,0,1% 1% 0% 100%,1172.257
mandelbrot,clojure,5,16000,1077,51.660,112120,0,1% 1% 1% 100%,51.680
mandelbrot,racket,3,16000,797,75.848,33128,0,0% 0% 0% 100%,75.872
mandelbrot,sbcl,3,16000,888,46.548,58140,0,1% 0% 1% 100%,46.563
mandelbrot,rust,2,16000,1080,24.328,53848,0,1% 0% 0% 100%,24.336
mandelbrot,ghc,2,16000,782,47.148,40024,0,1% 0% 0% 100%,47.166
mandelbrot,java,2,16000,796,23.916,91684,0,1% 1% 1% 100%,23.926
mandelbrot,csharp,4,16000,872,31.540,80876,0,0% 1% 0% 100%,31.552
mandelbrot,yarv,4,16000,866,1917.108,69460,0,0% 1% 1% 100%,1917.801
mandelbrot,gcc,2,16000,400,47.336,804,0,0% 0% 0% 100%,47.349
mandelbrot,python3,2,16000,777,1789.984,14060,0,1% 1% 1% 100%,1790.728
mandelbrot,racket,1,16000,517,108.400,24076,0,1% 1% 0% 100%,108.431
mandelbrot,gpp,6,16000,1035,28.036,32896,0,0% 0% 1% 100%,28.046
mandelbrot,fsharp,4,16000,869,35.876,85860,0,0% 1% 1% 100%,35.889
mandelbrot,racket,4,16000,796,75.380,77404,0,0% 0% 0% 100%,75.404
mandelbrot,gnat,2,16000,572,53.328,1932,0,1% 0% 0% 100%,53.345
mandelbrot,fpascal,3,16000,530,75.433,8,0,1% 0% 1% 100%,75.465
meteor,rust,1,2098,2224,0.148,0,0,12% 6% 0% 100%,0.150
meteor,ghc,4,2098,803,1.756,5716,0,1% 1% 0% 100%,1.759
meteor,gpp,4,2098,5330,0.072,0,0,20% 13% 0% 100%,0.077
meteor,yarv,1,2098,2768,7.632,9756,0,2% 4% 3% 100%,7.638
meteor,python3,1,2098,1442,10.284,8212,0,1% 0% 0% 100%,10.293
meteor,yarv,2,2098,2786,5.031,7892,0,0% 0% 0% 100%,5.034
meteor,java,2,2098,5177,0.488,33276,0,4% 0% 0% 100%,0.493
meteor,gnat,1,2098,7416,0.080,0,0,0% 0% 0% 100%,0.085
meteor,gpp,2,2098,4080,0.156,0,0,0% 12% 6% 100%,0.160
meteor,java,1,2098,4368,0.924,31180,0,2% 0% 1% 100%,0.929
meteor,ghc,3,2098,1804,0.000,0,-11,%,0.000
meteor,gpp,1,2098,4343,0.132,0,0,0% 0% 0% 100%,0.137
meteor,ghc,1,2098,2200,0.804,5372,0,1% 1% 1% 100%,0.807
meteor,lua,2,2098,1657,0.000,0,-2,0% 0% 0% 100%,0.023
meteor,python3,3,2098,1206,10.368,9040,0,0% 1% 1% 100%,10.375
meteor,scala,1,2098,2088,0.000,0,-2,0% 0% 0% 100%,0.170
meteor,python3,2,2098,1311,7.804,8540,0,0% 1% 1% 100%,7.812
meteor,gpp,5,2098,5051,0.080,0,0,0% 0% 0% 100%,0.085
meteor,lua,4,2098,2225,0.000,0,-2,0% 0% 0% 67%,0.028
meteor,vw,1,2098,5304,0.608,53592,0,0% 0% 2% 100%,0.610
meteor,gcc,1,2098,3066,0.088,0,0,0% 0% 0% 100%,0.090
meteor,gpp,3,2098,4862,0.080,0,0,0% 0% 0% 100%,0.085
meteor,go,1,2098,2986,0.124,0,0,0% 0% 0% 100%,0.127
meteor,ghc,2,2098,1891,0.000,0,-11,%,0.000
meteor,fpascal,3,2098,5471,0.088,0,0,0% 0% 0% 100%,0.090
meteor,lua,1,2098,1561,0.000,0,-2,33% 0% 0% 100%,0.023
meteor,scala,2,2098,2558,0.000,0,-2,0% 0% 0% 100%,0.177
meteor,scala,4,2098,2532,0.000,0,-2,0% 0% 0% 100%,0.174
meteor,ghc,5,2098,2919,0.000,0,-11,%,0.000
meteor,perl,1,2098,1541,48.235,4152,0,1% 1% 0% 100%,48.254
meteor,ocaml,1,2098,2156,0.789,5916,0,1% 1% 3% 100%,0.791
meteor,lua,3,2098,1703,0.000,0,-2,0% 0% 0% 100%,0.019
meteor,racket,1,2098,1907,0.624,23356,0,3% 0% 0% 100%,0.630
meteor,perl,2,2098,1502,24.200,4116,0,1% 0% 0% 100%,24.210
meteor,rust,2,2098,3837,0.096,0,0,0% 0% 0% 100%,0.099
meteor,clojure,2,2098,5924,5.324,91280,0,0% 2% 0% 100%,5.333
meteor,gpp,6,2098,2620,0.040,0,0,0% 0% 0% 100%,0.045
meteor,jruby,1,2098,2768,24.001,699988,0,1% 0% 0% 100%,24.051
meteor,jruby,2,2098,2786,23.171,740688,0,1% 1% 0% 100%,23.207
nbody,scala,1,50000000,1358,23.712,46588,0,0% 1% 1% 100%,23.722
nbody,csharp,7,50000000,1539,28.196,41464,0,0% 1% 1% 100%,28.205
nbody,csharp,4,50000000,1461,30.840,39680,0,1% 0% 1% 100%,30.847
nbody,fpascal,1,50000000,1308,34.748,8,0,1% 0% 1% 100%,34.762
nbody,csharp,1,50000000,1403,38.044,40816,0,1% 0% 1% 100%,38.058
nbody,dart,2,50000000,1274,30.524,27032,0,1% 0% 0% 100%,30.536
nbody,rust,1,50000000,1474,24.328,6444,0,1% 0% 0% 100%,24.336
nbody,java,2,50000000,1424,22.672,30056,0,0% 0% 1% 100%,22.682
nbody,ifc,2,50000000,1496,19.834,508,0,1% 1% 0% 100%,19.840
nbody,csharp,6,50000000,1289,24.520,40532,0,0% 1% 1% 100%,24.532
nbody,ifc,3,50000000,1299,23.090,520,0,1% 0% 0% 100%,23.097
nbody,gpp,3,50000000,1763,10.272,1536,0,0% 0% 0% 100%,10.276
nbody,ocaml,1,50000000,1239,22.261,708,0,1% 0% 0% 100%,22.267
nbody,csharp,3,50000000,1305,21.812,40512,0,1% 0% 0% 100%,21.820
nbody,go,1,50000000,1310,22.004,1732,0,0% 1% 0% 100%,22.012
nbody,lua,4,50000000,1305,435.744,1080,0,1% 0% 0% 100%,435.857
nbody,ifc,1,50000000,1389,19.947,512,0,1% 0% 0% 100%,19.953
nbody,gcc,5,50000000,1429,21.080,748,0,0% 0% 0% 100%,21.088
nbody,gcc,6,50000000,1180,21.196,1008,0,0% 1% 0% 100%,21.202
nbody,dart,3,50000000,1420,27.732,28196,0,1% 1% 1% 100%,27.742
nbody,hipe,3,50000000,1399,191.224,14676,0,0% 0% 0% 100%,191.287
nbody,rust,2,50000000,1799,14.592,6420,0,1% 0% 0% 100%,14.600
nbody,python3,2,50000000,1228,938.492,8112,0,0% 1% 1% 100%,938.722
nbody,jruby,2,50000000,1137,376.492,752500,0,1% 1% 1% 100%,377.152
nbody,hack,3,50000000,1080,1298.212,115624,0,1% 0% 0% 100%,1298.572
nbody,gcc,1,50000000,1173,20.732,1012,0,0% 0% 1% 100%,20.742
nbody,clojure,2,50000000,1440,28.068,66784,0,0% 1% 1% 100%,28.079
nbody,hack,5,50000000,1432,548.900,115932,0,0% 0% 1% 100%,549.041
nbody,java,1,50000000,1424,0.000,36388,-2,7% 41% 2% 60%,0.419
nbody,fsharp,1,50000000,1259,26.408,52784,0,0% 1% 1% 100%,26.420
nbody,gpp,1,50000000,1659,19.360,1088,0,0% 1% 0% 100%,19.363
nbody,vw,1,50000000,1652,197.124,53024,0,1% 0% 0% 100%,197.179
nbody,csharp,8,50000000,1343,22.072,40484,0,0% 0% 0% 100%,22.076
nbody,ghc,1,50000000,1706,25.444,4192,0,1% 0% 0% 100%,25.456
nbody,gpp,4,50000000,1428,20.628,728,0,0% 0% 1% 100%,20.637
nbody,v8,2,50000000,1527,37.096,15744,0,0% 0% 0% 100%,37.110
nbody,csharp,5,50000000,1485,31.648,39584,0,0% 0% 1% 100%,31.653
nbody,gnat,1,50000000,1608,25.944,2072,0,1% 1% 0% 100%,25.949
nbody,ifc,5,50000000,1659,9.783,516,0,1% 0% 1% 100%,9.787
nbody,sbcl,1,50000000,1363,41.744,17424,0,1% 1% 0% 100%,41.755
nbody,ifc,4,50000000,1172,21.904,512,0,1% 0% 0% 100%,21.910
nbody,gpp,8,50000000,1544,9.392,1084,0,0% 1% 1% 100%,9.397
nbody,clojure,1,50000000,2324,27.444,69640,0,1% 0% 1% 100%,27.455
nbody,gcc,4,50000000,1490,10.492,1008,0,0% 1% 1% 100%,10.499
nbody,lua,1,50000000,1201,538.995,1068,0,1% 0% 0% 100%,539.129
nbody,gpp,6,50000000,1668,19.524,1020,0,0% 0% 0% 100%,19.533
nbody,v8,1,50000000,1287,33.940,11936,0,1% 0% 0% 100%,33.953
nbody,gnat,5,50000000,2436,18.000,1956,0,1% 0% 2% 100%,18.007
nbody,perl,2,50000000,1401,1088.373,3156,0,1% 1% 0% 100%,1088.672
nbody,fpascal,3,50000000,1418,35.397,8,0,1% 1% 0% 100%,35.410
nbody,sbcl,2,50000000,1398,26.596,17424,0,0% 1% 0% 100%,26.602
nbody,fpascal,2,50000000,1322,37.007,8,0,1% 0% 0% 100%,37.021
nbody,php,3,50000000,1082,657.771,3364,0,1% 0% 0% 100%,657.949
nbody,gpp,5,50000000,1749,13.108,1536,0,0% 1% 0% 100%,13.115
nbody,gcc,3,50000000,1208,21.280,972,0,0% 1% 0% 100%,21.289
nbody,yarv,2,50000000,1137,689.899,7072,0,1% 0% 0% 100%,690.075
nbody,racket,2,50000000,1689,54.968,32328,0,0% 0% 1% 100%,55.015
nbody,racket,1,50000000,1496,107.800,24732,0,0% 1% 1% 100%,107.915
nbody,lua,2,50000000,1193,436.238,1072,0,3% 4% 5% 100%,436.355
nbody,gpp,7,50000000,1545,9.668,1084,0,0% 0% 1% 100%,9.671
nbody,gcc,2,50000000,1263,22.344,896,0,0% 0% 0% 100%,22.352
nbody,csharp,2,50000000,1410,22.740,40568,0,1% 0% 0% 100%,22.749
nbody,gnat,3,50000000,1740,25.340,2068,0,1% 1% 0% 100%,25.344
nbody,python3,1,50000000,1181,971.576,8016,0,0% 1% 1% 100%,971.820
nbody,ghc,2,50000000,1874,23.432,4232,0,1% 0% 0% 100%,23.443
nbody,hack,1,50000000,1288,660.888,110104,0,1% 0% 0% 100%,661.066
pidigits,clojure,3,10000,482,25.436,421960,0,1% 1% 1% 100%,25.481
pidigits,yarv,2,10000,653,8.372,276892,0,1% 3% 0% 100%,8.391
pidigits,gcc,4,10000,541,2.284,2272,0,1% 0% 1% 100%,2.288
pidigits,java,3,10000,1826,6.496,72452,0,0% 1% 1% 100%,6.502
pidigits,lua,1,10000,522,0.000,0,-2,%,0.000
pidigits,ocaml,2,10000,510,0.000,0,-11,%,0.000
pidigits,sbcl,1,10000,1073,2.368,20784,0,1% 0% 1% 100%,2.372
pidigits,python3,5,10000,335,2.196,10300,0,1% 0% 1% 100%,2.202
pidigits,lua,7,10000,477,0.000,0,-2,%,0.000
pidigits,vw,4,10000,652,11.448,54860,0,0% 1% 1% 100%,11.454
pidigits,java,1,10000,800,18.164,381788,0,0% 1% 1% 100%,18.198
pidigits,clojure,5,10000,1944,5.396,91928,0,1% 1% 0% 100%,5.403
pidigits,perl,2,10000,385,3.854,4232,0,1% 1% 1% 100%,3.857
pidigits,hipe,2,10000,512,16.200,23228,0,1% 1% 0% 100%,16.221
pidigits,clojure,4,10000,1794,8.116,414924,0,1% 0% 0% 100%,8.130
pidigits,jruby,1,10000,518,27.698,746984,0,1% 0% 1% 100%,27.752
pidigits,lua,3,10000,414,0.000,0,-2,%,0.000
pidigits,yarv,4,10000,240,11.209,149764,0,0% 1% 1% 100%,11.233
pidigits,gnat,1,10000,1143,10.976,4400,0,0% 1% 0% 100%,10.984
pidigits,scala,1,10000,355,0.000,0,-2,0% 0% 0% 100%,0.172
pidigits,java,2,10000,938,3.196,33052,0,1% 1% 1% 100%,3.199
pidigits,fsharp,3,10000,903,11.208,42660,0,0% 1% 1% 100%,11.215
pidigits,racket,2,10000,1122,2.328,32992,0,2% 1% 0% 100%,2.334
pidigits,go,4,10000,607,3.424,12164,0,1% 1% 1% 100%,3.431
pidigits,php,5,10000,394,2.230,4100,0,1% 0% 0% 100%,2.232
pidigits,php,4,10000,384,2.241,4096,0,0% 1% 2% 100%,2.243
pidigits,yarv,5,10000,478,0.000,0,-2,0% 0% 0% 100%,0.046
pidigits,lua,2,10000,1144,0.000,0,-2,%,0.000
pidigits,yarv,1,10000,518,30.290,161248,0,0% 0% 1% 100%,30.347
pidigits,fpascal,3,10000,482,1.724,1192,0,0% 2% 0% 100%,1.726
pidigits,lua,5,10000,479,0.000,0,-2,0% 0% 0% 83%,0.056
pidigits,csharp,3,10000,1026,11.228,41112,0,0% 0% 1% 100%,11.237
pidigits,ocaml,1,10000,560,2.826,8472,0,1% 0% 0% 100%,2.829
pidigits,gnat,2,10000,1254,2.284,4132,0,0% 1% 1% 100%,2.289
pidigits,fpascal,2,10000,785,2.786,1040,0,2% 1% 1% 100%,2.789
pidigits,php,1,10000,736,551.803,6304,0,1% 1% 1% 100%,551.988
pidigits,rust,1,10000,1420,1.728,7012,0,2% 0% 1% 99%,1.733
pidigits,clojure,2,10000,571,21.556,417684,0,0% 1% 1% 100%,21.593
pidigits,ocaml,4,10000,1481,0.000,0,-11,%,0.000
pidigits,dart,1,10000,321,11.228,41284,0,1% 1% 0% 100%,11.244
pidigits,gcc,1,10000,448,1.720,2072,0,1% 1% 0% 100%,1.725
pidigits,scala,4,10000,1125,3.456,62372,0,1% 1% 1% 100%,3.462
pidigits,racket,1,10000,453,22.416,122412,0,1% 0% 1% 100%,22.455
pidigits,ghc,4,10000,341,2.328,7940,0,1% 1% 0% 100%,2.333
pidigits,python3,2,10000,256,2.400,10168,0,1% 1% 0% 100%,2.406
pidigits,perl,4,10000,261,3.372,4184,0,0% 1% 2% 100%,3.375
pidigits,ifc,3,10000,975,1.911,1592,0,0% 1% 1% 99%,1.913
pidigits,go,2,10000,674,3.352,13052,0,1% 1% 0% 100%,3.360
pidigits,fpascal,1,10000,3042,29.435,820,0,1% 1% 0% 100%,29.449
pidigits,jruby,3,10000,242,18.012,672876,0,1% 1% 0% 100%,18.047
pidigits,scala,3,10000,479,15.224,382216,0,2% 2% 1% 100%,15.255
pidigits,ifc,1,10000,1768,0.000,1320,-2,0% 2% 2% 100%,0.606
pidigits,yarv,3,10000,242,11.198,147884,0,0% 1% 1% 100%,11.221
pidigits,perl,3,10000,301,3.454,4160,0,0% 1% 0% 100%,3.457
pidigits,sbcl,2,10000,645,21.676,130400,0,0% 0% 1% 100%,21.715
pidigits,perl,1,10000,452,14.775,6264,0,1% 0% 1% 100%,14.783
pidigits,php,2,10000,537,3.395,4460,0,1% 1% 1% 100%,3.398
pidigits,csharp,2,10000,856,38.720,68740,0,0% 0% 1% 100%,38.790
pidigits,gpp,3,10000,682,2.284,3460,0,1% 0% 3% 100%,2.290
pidigits,jruby,4,10000,240,17.378,660360,0,1% 0% 1% 100%,17.414
pidigits,php,3,10000,500,2.313,4140,0,1% 0% 0% 100%,2.316
pidigits,hack,1,10000,735,490.112,121332,0,0% 1% 1% 100%,490.293
pidigits,ifc,2,10000,934,2.290,1592,0,1% 1% 1% 100%,2.293
pidigits,java,4,10000,1808,6.588,68900,0,0% 1% 1% 100%,6.595
pidigits,ocaml,3,10000,869,0.000,0,-11,%,0.000
pidigits,hipe,1,10000,559,17.668,26252,0,1% 1% 0% 100%,17.693
pidigits,fsharp,1,10000,513,41.512,83112,0,1% 1% 0% 100%,41.587
regexdna,hack,3,5000000,456,5.312,286192,0,0% 1% 1% 100%,5.325
regexdna,yarv,8,5000000,529,27.937,115976,0,0% 1% 1% 100%,27.950
regexdna,hack,1,5000000,787,3.332,288064,0,1% 1% 1% 100%,5.635
regexdna,lua,1,5000000,437,42.794,441680,0,0% 1% 0% 100%,42.821
regexdna,racket,2,5000000,536,0.000,2300,-10,0% 0% 4% 96%,0.273
regexdna,go,7,5000000,652,87.324,434740,0,0% 1% 0% 100%,87.353
regexdna,jruby,6,5000000,442,42.712,976416,0,0% 0% 1% 100%,42.745
regexdna,php,2,5000000,449,37.647,229104,0,1% 1% 1% 100%,37.661
regexdna,hipe,1,5000000,622,0.000,15660,-1,0% 0% 0% 0%,901.123
regexdna,gnat,6,5000000,3740,22.628,113220,0,1% 1% 0% 100%,22.658
regexdna,perl,4,5000000,440,34.368,142024,0,1% 0% 0% 100%,34.380
regexdna,csharp,2,5000000,594,77.864,404544,0,0% 1% 1% 100%,77.942
regexdna,csharp,7,5000000,898,78.064,451556,0,0% 1% 0% 100%,78.178
regexdna,scala,1,5000000,611,32.008,876188,0,1% 0% 1% 100%,32.033
regexdna,ocaml,1,5000000,1502,19.555,516348,0,1% 0% 1% 100%,19.571
regexdna,hack,4,5000000,832,5.708,218288,0,1% 1% 1% 100%,5.727
regexdna,python3,5,5000000,424,24.036,317412,0,1% 0% 1% 100%,24.049
regexdna,fsharp,1,5000000,639,82.824,817884,0,0% 1% 0% 100%,82.889
regexdna,lua,2,5000000,596,31.035,379828,0,1% 1% 0% 100%,31.048
regexdna,v8,1,5000000,396,0.000,0,-10,0% 0% 0% 100%,0.043
regexdna,gnat,5,5000000,3492,16.376,175464,0,1% 0% 0% 100%,16.396
regexdna,ghc,2,5000000,1518,34.004,321120,0,0% 0% 1% 100%,34.023
regexdna,jruby,8,5000000,529,0.000,173092,-2,0% 1% 1% 100%,5.441
regexdna,gcc,4,5000000,1525,22.592,88136,0,1% 0% 0% 100%,22.603
regexdna,jruby,1,5000000,308,72.572,2048076,0,1% 0% 0% 100%,72.626
regexdna,csharp,6,5000000,638,77.272,379924,0,0% 0% 1% 100%,77.355
regexdna,java,8,5000000,1377,21.552,574704,0,1% 1% 0% 100%,21.561
regexdna,yarv,6,5000000,442,24.321,145900,0,0% 1% 0% 100%,24.332
regexdna,scala,2,5000000,668,24.680,691324,0,1% 0% 1% 100%,24.697
regexdna,go,1,5000000,733,122.056,739580,0,0% 0% 0% 100%,122.856
regexdna,vw,1,5000000,584,649.424,376760,0,0% 1% 1% 100%,649.666
regexdna,racket,1,5000000,527,40.888,721968,0,0% 0% 1% 100%,40.911
regexdna,java,6,5000000,1410,0.000,642828,-2,1% 1% 0% 100%,22.416
regexdna,php,1,5000000,788,12.523,216168,0,0% 1% 1% 100%,27.448
regexdna,fsharp,4,5000000,899,83.288,955868,0,0% 1% 0% 100%,83.344
regexdna,java,2,5000000,1534,33.268,715032,0,1% 1% 0% 100%,33.294
regexdna,ocaml,4,5000000,1050,1.318,267516,0,0% 1% 1% 100%,21.413
regexdna,yarv,7,5000000,507,31.294,217420,0,0% 0% 1% 100%,31.322
regexdna,lua,3,5000000,669,0.000,0,-2,0% 0% 50% 100%,0.017
regexdna,scala,5,5000000,1704,26.120,472912,0,1% 1% 1% 100%,26.135
regexdna,fsharp,2,5000000,413,79.228,672008,0,1% 1% 0% 100%,79.270
regexdna,java,4,5000000,921,23.668,716328,0,0% 1% 1% 100%,23.687
regexdna,sbcl,1,5000000,591,0.000,855216,-1,0% 0% 1% 6%,601.039
regexdna,yarv,5,5000000,343,28.006,106264,0,0% 1% 0% 100%,28.016
regexdna,gcc,2,5000000,1099,29.196,127604,0,1% 1% 0% 100%,29.208
regexdna,dart,2,5000000,648,33.480,338744,0,0% 1% 0% 100%,33.499
regexdna,gpp,1,5000000,648,5.240,208928,0,1% 1% 0% 100%,5.250
regexdna,hipe,6,5000000,1058,33.424,251032,0,1% 0% 0% 100%,33.444
regexdna,clojure,3,5000000,710,42.764,805400,0,0% 1% 1% 100%,42.792
regexdna,yarv,3,5000000,501,30.736,381780,0,0% 0% 1% 100%,30.767
regexdna,jruby,3,5000000,501,409.331,2152332,0,1% 0% 0% 100%,409.739
regexdna,fsharp,3,5000000,870,83.688,2016188,0,0% 1% 1% 100%,83.759
regexdna,hack,2,5000000,446,5.320,290204,0,0% 2% 0% 100%,5.333
regexdna,perl,2,5000000,527,26.463,142256,0,0% 1% 0% 100%,26.474
regexdna,go,8,5000000,785,87.368,575612,0,0% 1% 1% 100%,87.403
regexdna,jruby,5,5000000,343,40.451,981456,0,1% 0% 0% 100%,40.484
regexdna,java,7,5000000,1284,21.392,575372,0,1% 0% 1% 100%,21.403
regexdna,sbcl,3,5000000,1948,44.408,578924,0,0% 2% 1% 100%,44.432
regexdna,yarv,2,5000000,417,28.108,447528,0,0% 1% 0% 100%,28.122
regexdna,python3,1,5000000,478,24.040,270028,0,0% 1% 0% 100%,24.164
regexdna,gcc,1,5000000,2579,5.084,323572,0,0% 1% 0% 100%,5.094
regexdna,java,5,5000000,929,23.336,750952,0,1% 1% 1% 100%,23.352
regexdna,jruby,7,5000000,507,261.658,781332,0,0% 1% 1% 100%,261.783
regexdna,v8,2,5000000,405,3.440,642500,0,0% 1% 2% 100%,3.447
regexdna,csharp,1,5000000,624,82.068,453124,0,1% 0% 1% 100%,82.106
regexdna,gpp,2,5000000,695,5.248,211232,0,0% 1% 0% 100%,5.257
regexdna,scala,4,5000000,723,23.740,653172,0,1% 1% 6% 100%,23.757
regexdna,gpp,4,5000000,1759,13.320,99052,0,1% 0% 0% 100%,13.329
regexdna,yarv,1,5000000,308,40.506,375868,0,0% 1% 0% 100%,40.523
regexdna,go,2,5000000,789,48.460,619976,0,0% 1% 0% 100%,48.483
regexdna,scala,3,5000000,633,23.888,667628,0,0% 1% 1% 100%,23.902
regexdna,jruby,2,5000000,417,391.195,2150896,0,0% 1% 1% 100%,391.372
regexdna,rust,2,5000000,669,3.172,203436,0,1% 2% 1% 100%,3.178
regexdna,ocaml,2,5000000,615,18.933,517500,0,1% 0% 0% 100%,18.948
regexdna,gpp,3,5000000,844,0.000,0,-11,%,0.000
regexdna,ocaml,3,5000000,1014,19.158,517080,0,1% 0% 1% 100%,19.174
regexdna,php,3,5000000,459,27.346,217384,0,1% 1% 0% 100%,27.358
regexdna,php,4,5000000,832,27.504,153008,0,0% 0% 1% 100%,27.516
regexdna,clojure,4,5000000,707,27.440,683964,0,1% 1% 0% 100%,27.469
revcomp,java,7,25000000,1640,2.120,283760,0,1% 1% 11% 100%,7.549
revcomp,hack,1,25000000,294,7.424,488912,0,1% 0% 1% 100%,7.438
revcomp,ocaml,1,25000000,1064,0.002,65556,0,0% 2% 0% 100%,2.105
revcomp,lua,3,25000000,593,0.000,0,-2,0% 0% 0% 100%,0.067
revcomp,java,6,25000000,745,1.696,474400,0,1% 1% 3% 99%,1.701
revcomp,perl,3,25000000,284,2.661,376248,0,0% 0% 1% 100%,2.666
revcomp,v8,4,25000000,787,7.756,403136,0,2% 0% 0% 100%,7.767
revcomp,yarv,2,25000000,255,8.365,131592,0,1% 0% 0% 100%,8.375
revcomp,hack,2,25000000,261,6.592,490368,0,0% 1% 1% 100%,6.606
revcomp,racket,2,25000000,1026,4.368,176856,0,1% 1% 0% 100%,4.375
revcomp,python3,6,25000000,800,4.452,264580,0,0% 1% 1% 100%,4.465
revcomp,clojure,1,25000000,1135,4.076,366732,0,1% 1% 1% 100%,4.083
revcomp,php,2,25000000,262,5.820,444352,0,1% 1% 1% 100%,5.827
revcomp,scala,6,25000000,519,0.000,1086308,-2,1% 2% 1% 100%,96.408
revcomp,csharp,1,25000000,1099,1.560,199032,0,2% 1% 0% 100%,1.566
revcomp,ghc,2,25000000,919,2.376,753084,0,3% 0% 0% 100%,2.386
revcomp,scala,7,25000000,949,3.560,832980,0,1% 0% 1% 100%,3.570
revcomp,ifc,2,25000000,772,6.386,151808,0,1% 0% 0% 100%,6.392
revcomp,gnat,1,25000000,885,2.840,127212,0,1% 1% 0% 100%,2.847
revcomp,ghc,3,25000000,999,1.232,128880,0,2% 0% 3% 100%,1.238
revcomp,rust,1,25000000,1985,0.788,258296,0,1% 0% 1% 100%,0.794
revcomp,go,4,25000000,874,0.000,0,-10,0% 0% 0% 88%,0.064
revcomp,lua,1,25000000,555,0.000,0,-2,0% 0% 33% 100%,0.017
revcomp,go,3,25000000,543,1.148,165724,0,2% 1% 0% 100%,1.152
revcomp,sbcl,1,25000000,896,2.260,302336,0,1% 1% 3% 100%,2.267
revcomp,hipe,1,25000000,1302,19.776,584256,0,1% 1% 0% 100%,19.798
revcomp,vw,1,25000000,754,30.712,405736,0,0% 1% 0% 100%,30.726
revcomp,scala,8,25000000,761,1.696,466716,0,2% 2% 1% 100%,1.700
revcomp,v8,1,25000000,390,31.572,347060,0,0% 1% 1% 100%,31.615
revcomp,gcc,1,25000000,1867,0.700,446348,0,0% 1% 21% 100%,0.703
revcomp,gpp,2,25000000,1082,0.964,248188,0,1% 2% 0% 100%,0.969
revcomp,ocaml,3,25000000,1314,0.002,32552,0,2% 2% 1% 100%,1.282
revcomp,ifc,1,25000000,1013,1.005,183820,0,0% 1% 2% 100%,1.008
revcomp,dart,3,25000000,551,19.804,1765288,0,0% 1% 1% 100%,19.835
revcomp,php,1,25000000,297,5.870,369928,0,1% 1% 1% 100%,5.880
revcomp,clojure,4,25000000,1005,5.352,364456,0,1% 0% 1% 100%,5.361
revcomp,v8,3,25000000,498,13.024,333612,0,1% 1% 0% 100%,13.037
revcomp,gcc,5,25000000,638,0.692,249592,0,1% 1% 1% 99%,0.698
revcomp,gcc,4,25000000,704,1.116,126060,0,1% 0% 1% 100%,1.121
revcomp,gcc,2,25000000,741,0.664,251684,0,0% 1% 0% 100%,0.670
revcomp,racket,1,25000000,547,14.120,560104,0,0% 1% 1% 100%,14.135
revcomp,scala,4,25000000,501,2.060,348824,0,0% 2% 0% 100%,2.066
revcomp,ocaml,2,25000000,394,4.251,214244,0,0% 0% 1% 100%,4.258
revcomp,fpascal,2,25000000,751,2.019,123976,0,3% 0% 2% 100%,2.024
revcomp,jruby,2,25000000,255,24.245,1282636,0,0% 1% 1% 100%,24.274
revcomp,hipe,3,25000000,624,49.744,1231180,0,1% 0% 0% 100%,49.821
revcomp,gpp,4,25000000,2275,0.772,247296,0,13% 0% 0% 99%,0.778
revcomp,dart,2,25000000,555,25.632,1771240,0,1% 1% 0% 100%,25.656
revcomp,scala,5,25000000,329,0.000,858412,-2,1% 0% 0% 100%,73.335
revcomp,csharp,3,25000000,863,5.012,265344,0,1% 1% 1% 100%,5.024
revcomp,hipe,4,25000000,1167,35.944,637176,0,1% 1% 0% 100%,35.972
revcomp,gpp,1,25000000,571,2.756,248372,0,1% 0% 1% 100%,2.761
revcomp,python3,4,25000000,325,5.728,1012480,0,0% 0% 1% 100%,5.738
revcomp,java,4,25000000,592,2.368,369992,0,0% 1% 0% 100%,2.375
revcomp,v8,6,25000000,359,96.456,399704,0,1% 1% 0% 100%,96.492
revcomp,java,3,25000000,1661,2.336,313952,0,3% 5% 1% 100%,2.341
revcomp,ocaml,4,25000000,2064,1.477,131936,0,0% 1% 3% 100%,1.598
revcomp,v8,2,25000000,456,26.044,468248,0,1% 0% 1% 100%,26.088
revcomp,clojure,5,25000000,727,4.032,589228,0,0% 1% 1% 100%,4.039
revcomp,go,1,25000000,1243,0.880,259460,0,0% 2% 4% 100%,0.883
revcomp,gnat,2,25000000,3220,0.904,200988,0,1% 0% 1% 99%,0.918
revcomp,gpp,5,25000000,646,22.624,147532,0,1% 1% 0% 100%,22.635
revcomp,gpp,3,25000000,810,1.148,126556,0,1% 3% 0% 100%,1.155
revcomp,go,2,25000000,546,1.112,166124,0,2% 0% 2% 100%,1.116
spectralnorm,go,2,5500,668,15.700,1732,0,1% 0% 1% 100%,15.705
spectralnorm,fsharp,3,5500,720,18.400,49432,0,1% 0% 1% 100%,18.419
spectralnorm,rust,2,5500,1265,15.696,8524,0,1% 0% 1% 100%,15.705
spectralnorm,vw,2,5500,438,90.956,54320,0,0% 0% 0% 100%,90.981
spectralnorm,java,1,5500,514,16.956,32708,0,0% 1% 1% 100%,16.962
spectralnorm,php,3,5500,1193,527.267,23616,0,0% 1% 1% 100%,527.481
spectralnorm,php,2,5500,397,471.232,7284,0,1% 0% 0% 100%,471.359
spectralnorm,ifc,1,5500,568,7.847,1420,0,0% 1% 0% 100%,7.850
spectralnorm,gnat,3,5500,1702,15.704,4144,0,1% 0% 0% 100%,15.716
spectralnorm,gnat,4,5500,2762,7.856,4260,0,1% 1% 0% 100%,7.871
spectralnorm,v8,5,5500,418,15.704,13240,0,1% 0% 0% 100%,15.713
spectralnorm,hack,2,5500,398,53.960,117884,0,1% 0% 0% 100%,53.979
spectralnorm,perl,3,5500,846,844.851,10184,0,0% 1% 1% 100%,845.156
spectralnorm,dart,5,5500,518,16.460,26484,0,1% 0% 0% 100%,16.468
spectralnorm,sbcl,3,5500,883,15.872,30676,0,3% 0% 0% 100%,15.882
spectralnorm,perl,4,5500,551,0.000,0,-2,0% 0% 0% 100%,0.011
spectralnorm,gcc,1,5500,383,16.128,1044,0,1% 1% 0% 100%,16.136
spectralnorm,ifc,2,5500,513,7.845,776,0,1% 0% 1% 100%,7.849
spectralnorm,gpp,1,5500,452,15.700,1512,0,0% 1% 1% 100%,15.703
spectralnorm,ifc,3,5500,638,7.848,1344,0,1% 1% 1% 100%,7.851
spectralnorm,python3,6,5500,328,857.024,9224,0,1% 1% 0% 100%,857.314
spectralnorm,racket,1,5500,446,39.848,30796,0,1% 1% 0% 100%,39.860
spectralnorm,scala,4,5500,1006,0.000,0,-2,0% 0% 5% 100%,0.180
spectralnorm,jruby,1,5500,292,266.871,680488,0,0% 1% 1% 100%,267.325
spectralnorm,gnat,1,5500,710,15.688,1936,0,0% 1% 0% 100%,15.693
spectralnorm,perl,5,5500,340,181.044,6836,0,1% 0% 0% 100%,181.101
spectralnorm,lua,1,5500,329,190.003,1324,0,1% 0% 0% 100%,190.052
spectralnorm,yarv,4,5500,326,318.816,9108,0,1% 0% 1% 100%,318.898
spectralnorm,jruby,4,5500,326,249.371,677572,0,0% 1% 1% 100%,249.791
spectralnorm,gcc,3,5500,463,15.688,1748,0,0% 0% 1% 100%,15.693
spectralnorm,ocaml,3,5500,938,15.871,3612,0,1% 1% 0% 100%,15.881
spectralnorm,racket,2,5500,532,37.804,31656,0,1% 1% 1% 100%,37.817
spectralnorm,v8,2,5500,361,15.704,13196,0,1% 0% 1% 100%,15.711
spectralnorm,perl,2,5500,343,966.650,3912,0,1% 0% 0% 100%,966.927
spectralnorm,sbcl,2,5500,906,15.872,30676,0,1% 0% 0% 100%,15.880
spectralnorm,ghc,4,5500,984,0.000,0,-11,%,0.000
spectralnorm,hipe,1,5500,507,111.420,20108,0,1% 0% 0% 100%,111.460
spectralnorm,ghc,2,5500,403,37.604,5784,0,1% 0% 0% 100%,37.617
spectralnorm,go,3,5500,536,15.700,2892,0,0% 1% 1% 100%,15.709
spectralnorm,clojure,6,5500,808,18.296,73308,0,1% 0% 1% 100%,18.308
spectralnorm,scala,3,5500,982,0.000,0,-2,0% 0% 0% 100%,0.179
spectralnorm,scala,5,5500,693,16.336,45456,0,1% 1% 0% 100%,16.345
spectralnorm,gpp,6,5500,1044,7.912,1748,0,1% 1% 1% 100%,7.916
spectralnorm,csharp,2,5500,1063,21.976,42124,0,0% 0% 0% 100%,21.986
spectralnorm,clojure,8,5500,918,18.004,66988,0,1% 0% 0% 100%,18.014
spectralnorm,gcc,4,5500,1139,8.496,1772,0,0% 1% 0% 100%,8.501
spectralnorm,v8,3,5500,405,15.704,13240,0,0% 1% 0% 100%,15.712
spectralnorm,go,1,5500,411,15.696,2644,0,1% 0% 0% 100%,15.703
spectralnorm,racket,3,5500,627,23.068,33072,0,1% 1% 0% 100%,23.077
spectralnorm,dart,1,5500,489,16.144,26272,0,1% 1% 1% 100%,16.154
spectralnorm,csharp,1,5500,459,21.920,39820,0,1% 0% 0% 100%,21.931
spectralnorm,yarv,3,5500,828,395.777,40204,0,0% 1% 1% 100%,395.956
spectralnorm,ocaml,2,5500,377,15.687,3012,0,1% 1% 0% 100%,15.692
spectralnorm,jruby,2,5500,776,279.663,681104,0,0% 1% 0% 100%,280.122
spectralnorm,hack,3,5500,1195,55.148,118120,0,1% 1% 0% 100%,55.174
spectralnorm,python3,5,5500,437,918.476,59300,0,1% 0% 0% 100%,918.899
spectralnorm,clojure,7,5500,762,18.424,67692,0,1% 1% 0% 100%,18.436
spectralnorm,scala,2,5500,720,0.000,0,-2,0% 0% 0% 100%,0.182
spectralnorm,gcc,5,5500,569,7.848,1692,0,0% 1% 0% 100%,7.851
spectralnorm,perl,1,5500,333,185.031,5352,0,1% 0% 0% 100%,185.088
spectralnorm,fpascal,1,5500,423,15.712,8,0,1% 1% 0% 100%,15.720
spectralnorm,gpp,5,5500,1044,7.916,1736,0,0% 1% 0% 100%,7.918
spectralnorm,v8,1,5500,344,15.712,13308,0,1% 1% 0% 100%,15.716
spectralnorm,gpp,8,5500,1278,7.848,1688,0,0% 0% 1% 100%,7.853
spectralnorm,yarv,1,5500,292,406.276,7632,0,1% 0% 0% 100%,406.386
spectralnorm,fsharp,2,5500,852,22.552,46428,0,0% 1% 1% 100%,22.606
spectralnorm,hipe,2,5500,747,70.128,19404,0,1% 0% 0% 100%,70.157
spectralnorm,sbcl,1,5500,625,22.120,21016,0,1% 0% 0% 100%,22.123
spectralnorm,scala,1,5500,404,16.020,34328,0,1% 0% 1% 100%,16.028
spectralnorm,java,2,5500,950,16.216,32332,0,0% 1% 1% 100%,16.223
threadring,perl,3,50000000,489,0.000,0,-2,0% 0% 0% 100%,0.011
threadring,hipe,2,50000000,273,13.116,15848,0,1% 1% 0% 100%,13.126
threadring,scala,3,50000000,546,20.904,384908,0,1% 1% 1% 100%,20.920
threadring,gnat,4,50000000,960,184.484,19892,0,1% 0% 0% 100%,184.579
threadring,fsharp,3,50000000,329,20.388,58372,0,0% 1% 1% 100%,20.416
threadring,java,7,50000000,473,236.456,52452,0,1% 1% 1% 100%,236.589
threadring,ghc,1,50000000,306,7.428,7004,0,1% 1% 0% 100%,7.433
threadring,go,6,50000000,420,15.892,3212,0,2% 3% 1% 100%,15.900
threadring,fsharp,2,50000000,555,112.408,76748,0,0% 0% 0% 100%,112.645
threadring,gnat,1,50000000,602,353.744,21616,0,1% 1% 0% 100%,353.946
threadring,gnat,6,50000000,1015,12.428,20216,0,1% 0% 0% 100%,12.447
threadring,python3,2,50000000,288,232.748,12576,0,0% 1% 1% 100%,232.884
threadring,csharp,2,50000000,591,0.000,54460,-1,0% 1% 1% 100%,3604.753
threadring,clojure,1,50000000,348,81.916,409572,0,1% 1% 0% 100%,82.021
threadring,csharp,1,50000000,476,278.716,54176,0,1% 2% 1% 100%,278.868
threadring,racket,1,50000000,262,145.668,117156,0,0% 2% 1% 100%,145.793
threadring,hipe,3,50000000,465,13.156,15840,0,1% 0% 1% 100%,13.167
threadring,gpp,5,50000000,652,8.144,10888,0,1% 1% 0% 100%,8.153
threadring,go,5,50000000,405,15.924,3212,0,0% 1% 1% 100%,15.930
threadring,hipe,1,50000000,273,13.128,15752,0,1% 0% 1% 100%,13.139
threadring,yarv,2,50000000,215,0.000,19448,-10,0% 1% 1% 100%,8.116
threadring,gnat,3,50000000,727,186.416,21692,0,1% 1% 0% 100%,186.513
threadring,gcc,3,50000000,916,163.716,9684,0,100% 0% 2% 1%,163.799
threadring,scala,2,50000000,373,35.200,387732,0,1% 0% 1% 100%,35.226
threadring,gpp,2,50000000,588,139.240,7360,0,1% 1% 0% 100%,139.302
threadring,gcc,1,50000000,487,139.848,7424,0,1% 1% 0% 100%,139.914
threadring,sbcl,1,50000000,618,0.000,298396,-1,0% 0% 1% 0%,600.986
threadring,ocaml,1,50000000,282,381.793,4380,0,0% 0% 0% 100%,382.125
threadring,perl,1,50000000,353,0.000,0,-2,0% 0% 0% 100%,0.014
threadring,jruby,2,50000000,228,0.000,1472712,-2,1% 1% 1% 100%,13.208
threadring,ocaml,2,50000000,350,161.599,1008,0,1% 1% 1% 100%,161.696
threadring,vw,2,50000000,566,39.032,55896,0,0% 0% 1% 100%,39.067
threadring,jruby,1,50000000,342,458.494,1650000,0,0% 1% 1% 100%,458.844
threadring,gcc,2,50000000,575,142.284,5484,0,1% 1% 0% 100%,142.358
threadring,gcc,4,50000000,761,0.000,0,-11,%,0.000
threadring,ocaml,3,50000000,296,162.437,7444,0,1% 1% 1% 100%,162.537
threadring,gnat,2,50000000,560,281.524,20060,0,1% 1% 0% 100%,281.681
threadring,yarv,1,50000000,331,246.726,31160,0,0% 1% 1% 100%,246.897
threadring,scala,1,50000000,296,137.048,378816,0,0% 1% 1% 100%,137.153
threadring,java,3,50000000,530,248.192,371820,0,2% 1% 1% 100%,248.337
threadring,fpascal,1,50000000,523,0.000,0,-11,%,0.000
threadring,sbcl,2,50000000,571,254.768,284324,0,1% 1% 1% 100%,254.935
threadring,clojure,2,50000000,299,79.252,407564,0,1% 0% 1% 100%,79.356
threadring,gpp,1,50000000,636,186.176,6676,0,1% 0% 0% 100%,186.271
threadring,rust,1,50000000,473,263.748,63724,0,1% 1% 0% 100%,263.921
threadring,gpp,4,50000000,572,8.668,10812,0,0% 0% 1% 100%,8.677
